{
    "end_loss": -133.45724487304688,
    "end_val_loss": -45.13619613647461
}