{
    "end_loss": -102.04206848144531,
    "end_val_loss": -102.08332824707031
}