{
    "end_loss": -105.12596893310547,
    "end_val_loss": -92.26890563964844
}