{
    "end_loss": -138.20452880859375,
    "end_val_loss": -104.76810455322266
}