{
    "end_loss": -20.658723831176758,
    "end_val_loss": -23.903846740722656
}