{
    "end_loss": -169.5375213623047,
    "end_val_loss": -87.2402572631836
}