{
    "end_loss": -158.24703979492188,
    "end_val_loss": -147.7608184814453
}