{
    "end_loss": -191.15655517578125,
    "end_val_loss": -155.777587890625
}