{
    "perf": [
        {
            "loss": -20.658723831176758,
            "val_loss": -23.903846740722656
        }
    ]
}