{
    "end_loss": -46.17393493652344,
    "end_val_loss": -51.5170783996582
}