{
    "perf": [
        {
            "loss": -49.98586654663086,
            "val_loss": -17.676912307739258
        }
    ]
}