{
    "end_loss": -137.84051513671875,
    "end_val_loss": 4.812404632568359
}