{
    "end_loss": -143.8555450439453,
    "end_val_loss": -155.1207275390625
}