{
    "end_loss": -71.62872314453125,
    "end_val_loss": -85.77340698242188
}