{
    "end_loss": -49.98586654663086,
    "end_val_loss": -17.676912307739258
}