{
    "end_loss": -113.44795227050781,
    "end_val_loss": -89.25255584716797
}