{
    "end_loss": 1213.0299072265625,
    "end_val_loss": 27.77687644958496
}