{
    "end_loss": -140.6763153076172,
    "end_val_loss": -128.897216796875
}