{
    "end_loss": -121.788330078125,
    "end_val_loss": -93.37908935546875
}