{
    "end_loss": -219.18344116210938,
    "end_val_loss": -214.91319274902344
}