{
    "perf": [
        {
            "loss": -73.21092224121094,
            "val_loss": -87.0457534790039
        }
    ]
}