{
    "end_loss": -155.0656280517578,
    "end_val_loss": -152.5404510498047
}