{
    "end_loss": -166.3355255126953,
    "end_val_loss": -144.55438232421875
}