{
    "end_loss": -103.89981079101562,
    "end_val_loss": -97.44332122802734
}