{
    "end_loss": -72.81226348876953,
    "end_val_loss": -65.03361511230469
}