{
    "end_loss": -125.05084228515625,
    "end_val_loss": -74.07899475097656
}