{
    "end_loss": -109.29886627197266,
    "end_val_loss": -87.19390869140625
}