{
    "end_loss": -137.40200805664062,
    "end_val_loss": -117.71631622314453
}