{
    "perf": [
        {
            "loss": -86.54084014892578,
            "val_loss": -70.71145629882812
        },
        {
            "loss": -112.50694274902344,
            "val_loss": -87.42229461669922
        },
        {
            "loss": -121.788330078125,
            "val_loss": -93.37908935546875
        }
    ]
}