{
    "perf": [
        {
            "loss": -104.67573547363281,
            "val_loss": -90.42948913574219
        }
    ]
}