{
    "perf": [
        {
            "loss": -72.81226348876953,
            "val_loss": -65.03361511230469
        }
    ]
}