{
    "end_loss": -48.360755920410156,
    "end_val_loss": -0.10542302578687668
}