{
    "end_loss": -106.26663970947266,
    "end_val_loss": -97.47711181640625
}