{
    "perf": [
        {
            "loss": -43.933109283447266,
            "val_loss": -97.21373748779297
        },
        {
            "loss": -89.1886215209961,
            "val_loss": -79.75684356689453
        },
        {
            "loss": -106.26663970947266,
            "val_loss": -97.47711181640625
        }
    ]
}