{
    "perf": [
        {
            "loss": -24.531362533569336,
            "val_loss": 3.6198043823242188
        }
    ]
}