{
    "end_loss": -135.45751953125,
    "end_val_loss": -127.6321792602539
}