{
    "end_loss": -104.67573547363281,
    "end_val_loss": -90.42948913574219
}