{
    "end_loss": -213.70460510253906,
    "end_val_loss": -212.00030517578125
}