{
    "end_loss": -25.19808578491211,
    "end_val_loss": -35.88538360595703
}