{
    "perf": [
        {
            "loss": -48.360755920410156,
            "val_loss": -0.10542302578687668
        }
    ]
}