{
    "end_loss": 11027.8310546875,
    "end_val_loss": 138.1933135986328
}