{
    "end_loss": -120.93096160888672,
    "end_val_loss": -118.43555450439453
}