{
    "perf": [
        {
            "loss": -71.62872314453125,
            "val_loss": -85.77340698242188
        }
    ]
}