{
    "end_loss": -156.6601104736328,
    "end_val_loss": -147.8231658935547
}