{
    "end_loss": -103.62142944335938,
    "end_val_loss": -56.829689025878906
}