{
    "perf": [
        {
            "loss": -46.17393493652344,
            "val_loss": -51.5170783996582
        }
    ]
}