{
    "end_loss": -127.62075805664062,
    "end_val_loss": 34.777374267578125
}