{
    "end_loss": -110.8265380859375,
    "end_val_loss": -55.57880783081055
}