{
    "perf": [
        {
            "loss": -25.19808578491211,
            "val_loss": -35.88538360595703
        }
    ]
}