{
    "end_loss": -224.05294799804688,
    "end_val_loss": -218.8990936279297
}