{
    "perf": [
        {
            "loss": -102.04206848144531,
            "val_loss": -102.08332824707031
        }
    ]
}