{
    "perf": [
        {
            "loss": -103.89981079101562,
            "val_loss": -97.44332122802734
        }
    ]
}