{
    "end_loss": -135.9955596923828,
    "end_val_loss": -120.81405639648438
}