{
    "perf": [
        {
            "loss": -105.12596893310547,
            "val_loss": -92.26890563964844
        }
    ]
}