{
    "end_loss": -142.60223388671875,
    "end_val_loss": -133.95474243164062
}