{
    "end_loss": -147.3610382080078,
    "end_val_loss": 57.09592819213867
}