{
    "end_loss": -158.6349334716797,
    "end_val_loss": -137.3050537109375
}