{
    "end_loss": -24.531362533569336,
    "end_val_loss": 3.6198043823242188
}